[
  {
    "from": "1150 Varnum St NE, Washington, DC 20017",
    "to": "1600 Pennsylvania Ave NW, Washington, DC 20500"
  },
  {
    "from": "801 Mt Vernon Pl NW, Washington, DC 20001",
    "to": "3800 Reservoir Rd NW, Washington, DC 20007"
  },
  {
    "from": "8th & I Streets SE, Washington, DC 20003",
    "to": "3450 Massachusetts Ave NW, Washington, DC 20392"
  },
  {
    "from": "1600 Pennsylvania Ave NW, Washington, DC 20500, USA",
    "to": "699 First St NE, Washington, DC 20002, USA"
  },
  {
    "from": "4155 Linnean Avenue Northwest, Washington, DC 20008, USA",
    "to": "901 Massachusetts Ave NW, Washington, DC 20001, USA"
  },
  {
    "from": "3675 Ely Pl SE, Washington, DC 20019, USA",
    "to": "901 Massachusetts Ave NW, Washington, DC 20001, USA"
  },
  {
    "from": "George Washington Memorial Pkwy, Washington, DC 20037",
    "to": "901 Massachusetts Ave NW, Washington, DC 20001, USA"
  },
  {
    "from": "200 Mac Dill Blvd SE, Washington, DC 20340",
    "to": "901 Massachusetts Ave NW, Washington, DC 20001, USA"
  }
]
